{
  "cv_folds": 4,
  "cv_mae_mean": 0.02139,
  "cv_mae_std": 0.00564,
  "trained_at": "2026-02-28T17:32:54.430161",
  "best_params": null
}